{
  "trajectory_1": {
    "1": {
      "灌木地": {
        "count": 1177,
        "correlation": -0.1101299600949401,
        "slope": -0.018438256085912545,
        "intercept": 4.799740709485179,
        "r2": 0.012128608110513195
      },
      "林地": {
        "count": 438,
        "correlation": -0.014585847781396441,
        "slope": -0.0017511421921277653,
        "intercept": 5.6597075338702325,
        "r2": 0.00021274695550199674
      },
      "水体": {
        "count": 155,
        "correlation": 0.22705828312019768,
        "slope": 0.049045256574957875,
        "intercept": 5.598165920893783,
        "r2": 0.05155546393349164
      }
    },
    "5": {
      "灌木地": {
        "count": 237,
        "correlation": -0.13445117348633193,
        "slope": -0.024219120258032054,
        "intercept": 4.787687453155023,
        "r2": 0.018077118051851748
      },
      "林地": {
        "count": 86,
        "correlation": -0.015439932625221224,
        "slope": -0.0018756205827620254,
        "intercept": 5.66169882516281,
        "r2": 0.00023839151947135928
      },
      "水体": {
        "count": 32,
        "correlation": 0.3906791531116718,
        "slope": 0.0669050009411252,
        "intercept": 5.5904456807179335,
        "r2": 0.15263020067605304
      }
    },
    "10": {
      "灌木地": {
        "count": 119,
        "correlation": -0.15740675385779604,
        "slope": -0.030616011992015982,
        "intercept": 4.777713382578037,
        "r2": 0.024776886160048694
      },
      "林地": {
        "count": 45,
        "correlation": -0.046025901729700024,
        "slope": -0.005502182939559706,
        "intercept": 5.626175829264913,
        "r2": 0.002118383630031917
      },
      "水体": {
        "count": 14,
        "correlation": 0.2718596701732567,
        "slope": 0.05304969646208629,
        "intercept": 5.643270362709431,
        "r2": 0.0739076802667118
      }
    },
    "20": {
      "灌木地": {
        "count": 61,
        "correlation": -0.24978069723711854,
        "slope": -0.05734895697177687,
        "intercept": 4.728351628088053,
        "r2": 0.06239039671226121
      },
      "林地": {
        "count": 22,
        "correlation": -0.07286116552775092,
        "slope": -0.008745393798272787,
        "intercept": 5.657874171031409,
        "r2": 0.005308749442062277
      },
      "水体": {
        "count": 7,
        "correlation": 0.12205953913566282,
        "slope": 0.021678355926067358,
        "intercept": 5.610276422652832,
        "r2": 0.014898531094009737
      }
    },
    "30": {
      "灌木地": {
        "count": 41,
        "correlation": -0.3007472110730161,
        "slope": -0.07168426760301476,
        "intercept": 4.743126344637252,
        "r2": 0.09044888496819725
      },
      "林地": {
        "count": 15,
        "correlation": 0.023975974827640228,
        "slope": 0.003194630880772415,
        "intercept": 5.616395416250159,
        "r2": 0.0005748473689356492
      },
      "水体": {
        "count": 4,
        "correlation": 0.7728625375129565,
        "slope": 0.1443330618451944,
        "intercept": 5.613061156293152,
        "r2": 0.5973165018909665
      }
    },
    "60": {
      "灌木地": {
        "count": 21,
        "correlation": -0.4069558567110008,
        "slope": -0.11311665448271258,
        "intercept": 4.5975452911418895,
        "r2": 0.16561306931138464
      },
      "林地": {
        "count": 7,
        "correlation": -0.2324175287244264,
        "slope": -0.02484244873023995,
        "intercept": 5.747728343430091,
        "r2": 0.05401790765837022
      },
      "水体": {
        "count": 3,
        "correlation": 0.1696622377666359,
        "slope": 0.012014781628373687,
        "intercept": 5.424126496783157,
        "r2": 0.02878527492398497
      }
    }
  },
  "trajectory_2": {
    "1": {
      "灌木地": {
        "count": 1554,
        "correlation": -0.025122825696396754,
        "slope": -0.005191139404666426,
        "intercept": 3.685499662326432,
        "r2": 0.0006311563709716639
      },
      "林地": {
        "count": 452,
        "correlation": -0.017012087406816926,
        "slope": -0.0017372039464030003,
        "intercept": 5.644072491223992,
        "r2": 0.00028941111793734375
      },
      "水体": {
        "count": 151,
        "correlation": 0.23869852310592513,
        "slope": 0.050847855743699634,
        "intercept": 5.810454001700462,
        "r2": 0.05697698493294945
      }
    },
    "5": {
      "灌木地": {
        "count": 311,
        "correlation": -0.028981905766074536,
        "slope": -0.006956289939621664,
        "intercept": 3.6802900667677045,
        "r2": 0.0008399508618335272
      },
      "林地": {
        "count": 91,
        "correlation": -0.033260094903615825,
        "slope": -0.0030699336144382615,
        "intercept": 5.645603269326389,
        "r2": 0.0011062339129978005
      },
      "水体": {
        "count": 30,
        "correlation": 0.2667350464186433,
        "slope": 0.06248152065808362,
        "intercept": 5.764780781788628,
        "r2": 0.07114758498795581
      }
    },
    "10": {
      "灌木地": {
        "count": 156,
        "correlation": -0.04437881606215214,
        "slope": -0.011510301382360009,
        "intercept": 3.677506509178465,
        "r2": 0.001969479315078404
      },
      "林地": {
        "count": 46,
        "correlation": -0.05834733429501921,
        "slope": -0.005474505151812851,
        "intercept": 5.667057496248838,
        "r2": 0.003404411419334563
      },
      "水体": {
        "count": 14,
        "correlation": 0.15165570494102845,
        "slope": 0.020447571099630073,
        "intercept": 5.862996512141213,
        "r2": 0.02299945284116034
      }
    },
    "20": {
      "灌木地": {
        "count": 81,
        "correlation": -0.06547231607143643,
        "slope": -0.018636855093999198,
        "intercept": 3.697793626610177,
        "r2": 0.004286624171758069
      },
      "林地": {
        "count": 21,
        "correlation": 0.21215544237942488,
        "slope": 0.021853966242163993,
        "intercept": 5.6182891840652065,
        "r2": 0.04500993173120904
      },
      "水体": {
        "count": 7,
        "correlation": -0.5194018338729659,
        "slope": -0.044683758163294826,
        "intercept": 5.873158296729767,
        "r2": 0.2697782650306013
      }
    },
    "30": {
      "灌木地": {
        "count": 53,
        "correlation": -0.08264197150736319,
        "slope": -0.026147595381882143,
        "intercept": 3.634020235517293,
        "r2": 0.006829695454624085
      },
      "林地": {
        "count": 14,
        "correlation": -0.040002294470483965,
        "slope": -0.003665944804118516,
        "intercept": 5.592833427754555,
        "r2": 0.0016001835629034789
      },
      "水体": {
        "count": 6,
        "correlation": 0.3921732668868763,
        "slope": 0.043647552895881535,
        "intercept": 5.862039157337213,
        "r2": 0.15379987126072536
      }
    },
    "60": {
      "灌木地": {
        "count": 29,
        "correlation": -0.08187548918400861,
        "slope": -0.032833272013126184,
        "intercept": 3.7341314783237496,
        "r2": 0.006703595729120715
      },
      "林地": {
        "count": 6,
        "correlation": -0.3209600251937865,
        "slope": -0.028710485928395948,
        "intercept": 5.5262891027874765,
        "r2": 0.1030153377723958
      },
      "水体": {
        "count": 2,
        "correlation": 0.9999999999999988,
        "slope": 0.22557003655104388,
        "intercept": 5.506187072043348,
        "r2": 1.0
      }
    }
  },
  "trajectory_3": {
    "1": {
      "灌木地": {
        "count": 1213,
        "correlation": -0.1298663295425317,
        "slope": -0.02385760315412908,
        "intercept": 4.614620706341873,
        "r2": 0.016865263548848985
      },
      "林地": {
        "count": 418,
        "correlation": 0.1305095899893286,
        "slope": 0.021882568716249988,
        "intercept": 6.015143285963075,